Title,Price,Price Before Discount
Philips QP6651/61 OneBlade Pro 360 Face+Body,"109,99 €",,Na sklade
Rowenta TN5221F4 Advancer STYLE zastrihávač,"49,99 €","52,99 €",Na sklade
Remington Groom Kit PG6130,"27,99 €",,Na sklade
Philips MG9552/15 Series 9000,"99,99 €",,Na sklade
Philips BT3234/15 Series 3000,"31,99 €","32,99 €",Na sklade
Philips QP6551/15 OneBlade Pro 360 Face+Body,"99,99 €",,Na sklade
Zastrihávač Rowenta TN6000F4 Forever Sharp,"36,99 €",,Na sklade
Philips MG9710/90 Multigroom Series 9000,"99,99 €",,Na sklade
Rowenta TN5241F4 Advancer Xpert,"59,99 €",,Na sklade
Panasonic ER-GB37-K503,"29,99 €",,Na sklade
Braun Pro 7 BT7420,"67,99 €",,Na sklade
Rowenta TN3651F0 Specialist 8v1,"20,99 €",,Na sklade
Philips MG9555/15 Series 9000,"114,99 €",,Na sklade
Philips QP6541/15 OneBlade Pro 360 Face+Body,"59,99 €","64,99 €",Na sklade
Philips MG5730/15 Series 5000 11v1,"54,99 €",,Na sklade
Philips MG7950/15 Series 7000,"84,99 €",,Na sklade
Braun Series 5 BT5420,"49,99 €",,Na sklade
ECG ZH 1321 B,"20,99 €",,Na sklade
Panasonic ER-GC63-H503 zastrihávač vlasov,"38,99 €","44,99 €",Na sklade
Philips MG3730/15 Series 3000 8v1,"34,99 €",,Na sklade
Philips BT5515/70 Series 5000,"54,99 €",,Na sklade
Rowenta TN9460F4 Selectium XPERT,"78,99 €","85,99 €",Na sklade
Holiaci strojček/zastrihávač Philips BG5020/15 Bodygroom series 5000,"52,99 €","58,99 €",Na sklade
Remington PG4000 Series G4,"39,99 €",,Na sklade
Braun Series 3 BT3411,"34,99 €",,Na sklade
ECG ZS 1421,"16,99 €",,Na sklade
Orava VS-413,"25,99 €","31,99 €",Na sklade
Philips BT3239/15 Series 3000,"40,99 €","44,99 €",Na sklade
Remington MB3000 Style Series B3,"24,99 €","34,59 €",Na sklade
Rowenta TN602LF0 Forever Sharp,"48,99 €",,Na sklade
ECG ZS 2620 Magnetic,"25,99 €",,Na sklade
ECG GRS 3820 Magnetic,"39,99 €",,Na sklade
Panasonic ER-CKN2 MultiShape,"62,99 €",,Na sklade
Zelmer ZGK6500 čierny,"39,99 €",,Na sklade
Remington HG4000 Omniblade Precision,"49,99 €",,Na sklade
Remington HG2000 Omniblade face,"49,49 €",,Na sklade
Grundig MT6340,"24,99 €",,Na sklade
Concept ZA7035,"17,99 €",,Na sklade
Rowenta TN2801F4 Stylis Easy,"28,99 €",,Na sklade
Rowenta TN6200F4 Forever Sharp,"69,99 €","74,99 €",Na sklade
Beurer HR 4000,"49,99 €",,Na sklade
Panasonic ER-GB44-H503,"47,99 €",,Na sklade
Remington PG5000 Series G5,"49,99 €",,Na sklade
Panasonic ER-GC71-S503,"49,99 €","55,99 €",Na sklade
Panasonic ER-SB40-K803,"120,99 €",,Na sklade
Philips BG3015/15 Bodygroom series 3000,"45,99 €",,Na sklade
Philips BT3206/14 Beardtrimmer,"24,99 €",,Na sklade
Philips MG3740/15 Series 3000 9v1,"36,99 €","39,99 €",Na sklade
Remington PG 6030,"39,99 €",,Na sklade
Eta 0341 90000 BladeMaster,"45,99 €","54,99 €",Na sklade
ECG ZH 1321,"20,99 €",,Na sklade
Panasonic ER-CKN1 MultiShape,"70,99 €",,Na sklade
Panasonic ER-CKL2 MultiShape,"74,99 €",,Na sklade
Zelmer ZGK6800 modrý,"39,99 €","54,99 €",Nedostupné
Rowenta TN6040F4 Forever Sharp Comfort Style,"45,99 €","49,99 €",Na sklade
Panasonic ER-GB80-H503,"70,99 €",,Na sklade
Remington MB4046,"56,49 €",,Na sklade
BaByliss T880E,"77,99 €","80,99 €",Na sklade
Philips BG3010/15 Bodygroom series 3000,"31,99 €","34,99 €",Rozbalený kus
Philips BT5522/15,"59,99 €","64,99 €",Rozbalený kus
Rowenta TN524MF0 Advancer Formula 1®,"57,99 €","68,99 €",Rozbalený kus
Philips MG5920/15 Series 5000,"49,99 €",,Na objednávku
Eta 9342 90000 Tyler,"38,99 €","47,99 €",Na objednávku
Panasonic ER-GB96-K503,"99,99 €",,Na objednávku
Remington HC 5150,"29,99 €",,Na objednávku
Braun MGK7320,"84,99 €",,Na objednávku
Remington MB055 DuraBlade Manchester United Edition,"59,99 €",,Momentálne nedostupný
ECG ZS 1420,"16,99 €",,Momentálne nedostupný
